1889,poorun,Poorun,ADMIN,MALE,1991-09-26
8326,hanna,Hanna,ADMIN,FEMALE,1995-08-02
3593,david,David,CUSTOMER,MALE,1996-02-23
1842,ammaarah,Ammaarah,CUSTOMER,FEMALE,1980-10-20
7146,naajiyah,Naajiyah,CUSTOMER,FEMALE,1981-11-04
8988,pass,Jocelyn,CUSTOMER,FEMALE,1982-11-03
9301,pass,Sheron,CUSTOMER,FEMALE,1982-12-31
5540,pass,Carlee,CUSTOMER,MALE,1984-03-22
627,pass,Chad,CUSTOMER,MALE,1985-01-11
2309,pass,Carie,CUSTOMER,FEMALE,1985-08-07
3438,pass,Trinh,CUSTOMER,MALE,1985-09-30
3005,pass,Isaac,CUSTOMER,MALE,1986-06-03
8852,pass,Talitha,CUSTOMER,FEMALE,1986-07-07
102,pass,Denae,CUSTOMER,FEMALE,1987-07-01
447,pass,Hanna,CUSTOMER,FEMALE,1987-07-31
1606,pass,Dong,ADMIN,MALE,1987-08-25
5426,pass,Kizzy,CUSTOMER,MALE,1991-01-07
9507,pass,Lorenza,CUSTOMER,FEMALE,1991-03-22
6100,pass,Cruz,CUSTOMER,MALE,1991-09-25
8631,pass,Patti,CUSTOMER,FEMALE,1993-05-06
861,pass,Mila,CUSTOMER,FEMALE,1993-06-28
1498,pass,Griselda,CUSTOMER,FEMALE,1994-01-07
6518,pass,Mariano,CUSTOMER,FEMALE,1994-02-17
7132,pass,Apryl,CUSTOMER,FEMALE,1994-09-22
6666,pass,Layla,CUSTOMER,FEMALE,1996-07-26
7039,pass,Poorun,CUSTOMER,FEMALE,1997-10-03
3551,pass,Poorun,CUSTOMER,MALE,1998-02-09
1773,pass,Latasha,CUSTOMER,FEMALE,1998-09-28
9537,pass,Joya,CUSTOMER,FEMALE,1980-06-09
3533,pass,Leonel,CUSTOMER,MALE,1981-09-09
1111,1234,Admin,ADMIN,MALE,1990-01-10
9999,1234,Customer,CUSTOMER,MALE,1991-10-01
